{"cameraMode":{"drawMode":0,"name":"Shaded","section":"Shading Mode"},"sceneLighting":true,"audioPlay":false,"sceneViewState":{"showFog":true,"showMaterialUpdate":false,"showSkybox":true,"showFlares":true,"showImageEffects":true,"showParticleSystems":true,"showVisualEffectGraphs":true,"m_FxEnabled":true},"in2DMode":false,"pivot":{"x":-25.527223587036134,"y":9.488184928894043,"z":9.116222381591797},"rotation":{"x":0.23361137509346009,"y":0.12791100144386292,"z":-0.031016938388347627,"w":0.9633838534355164},"size":143.69871520996095,"orthographic":true}