{"cameraMode":{"drawMode":0,"name":"Shaded","section":"Shading Mode"},"sceneLighting":false,"audioPlay":false,"sceneViewState":{"showFog":true,"showMaterialUpdate":false,"showSkybox":false,"showFlares":true,"showImageEffects":true,"showParticleSystems":true,"showVisualEffectGraphs":true,"m_FxEnabled":true},"in2DMode":false,"pivot":{"x":0.11423540115356446,"y":4.470399856567383,"z":-0.10434579849243164},"rotation":{"x":-0.0038589925970882179,"y":0.9942701458930969,"z":-0.09965728968381882,"w":-0.0385013185441494},"size":9.865612983703614,"orthographic":false}