{"cameraMode":{"drawMode":0,"name":"Shaded","section":"Shading Mode"},"sceneLighting":false,"audioPlay":false,"sceneViewState":{"showFog":true,"showMaterialUpdate":false,"showSkybox":false,"showFlares":true,"showImageEffects":true,"showParticleSystems":true,"showVisualEffectGraphs":true,"m_FxEnabled":true},"in2DMode":false,"pivot":{"x":0.6710357666015625,"y":-0.34698283672332766,"z":0.6867220401763916},"rotation":{"x":-0.0038589925970882179,"y":0.9942701458930969,"z":-0.09965728968381882,"w":-0.0385013185441494},"size":7.214682102203369,"orthographic":false}